store,demand
3,7106876.84216597
4,4386133.47627078
5,5345713.15715893
9,6108222.54310468
16,6307672.32598446
18,9090170.17028763
19,10842620.8502476
20,5406567.79993554
24,5199574.08042599
27,4696660.419499
30,5210505.25380432
33,8186926.69444402
35,6950700.15086043
37,3496659.36302845
38,4342593.76980484
39,5162850.77467436
42,13041278.6467091
43,5356711.91089527
46,7205861.71882699
50,3415842.88463997
51,8025437.98626293
53,4026553.09854151
55,4070615.36704169
59,10572045.9077725
60,3973989.68256927
62,6280269.34380989
64,5242868.9254815
65,4132096.02026736
70,18842055.9467118
71,5274346.49647277
79,7835386.47346901
81,3223634.06068052
82,10289404.5909361
87,4214209.69763463
89,6762270.53275975
90,6261614.81703967
91,9741163.04267178
95,4187041.82581036
100,4496251.02213858
101,7108072.95053223
106,5222556.63559545
109,4328912.45299418
111,27929898.10318
112,5666664.70286974
117,4349384.5829225
120,4333571.99794241
121,26300113.4255971
131,15124084.4300158
132,4194024.29515697
133,4427975.3383366
134,6179061.38794711
136,9794682.28998706
137,12908608.9303445
140,5651133.20594938
141,15204612.3092526
142,5992980.49044531
143,14441184.9478361
148,14301366.988749
152,5242868.9254815
154,5021615.63396586
158,4710015.89219524
161,26049326.7729037
162,20697309.2363701
163,6190694.00487881
164,7288581.8671323
166,8256773.66378183
167,2842859.89283965
168,7014428.31787154
170,6592475.47439077
171,5160821.51603311
172,8060906.06053576
174,5203222.81323052
175,8062605.7183721
176,9407744.18658967
177,9676204.99097111
182,6731128.03030335
183,7613369.69745222
184,10026804.120118
185,9467452.49334812
187,7425727.11283181
188,23515862.8103935
189,3867314.50917399
191,10013960.4672248
192,5242868.9254815
193,14340002.3442238
194,9120939.88525939
195,17407841.9609637
198,9906856.4714756
199,5134015.59173874
200,10641900.9330383
201,8375774.52738779
202,5321964.39124655
203,7502661.23610062
206,7207909.92105195
207,8450917.23365577
208,5144057.0240339
209,13720889.1376254
210,9997346.9826515
211,11807265.1595746
213,16426711.0497444
214,4335326.75175563
217,5733843.32432681
218,9917999.77858187
219,3305376.4822961
221,7819949.15022187
222,12109981.1852859
224,14402654.1954047
225,7066120.65519458
227,4137355.85927659
229,9329899.07208249
231,8153346.65157493
234,9897376.88904417
236,14761100.6213195
237,4387764.12628132
238,6832951.66969736
239,20777601.9632207
241,11253582.7318935
246,8773351.74916849
247,8284778.96001063
251,17733162.4020486
253,9548642.21131006
254,4009376.38478362
255,4921537.48310692
257,502244.392992488
258,6078656.96690352
259,9196712.38487394
261,12905519.8599559
263,8767251.46042087
266,6273498.59176081
269,12920728.1169264
270,2788445.5170086
271,8531123.90963738
272,8427181.3607173
279,9906947.474476
280,6875202.19326733
281,9845984.04748232
282,20638398.5102288
288,9502288.11385806
289,12434321.2578156
291,11981159.2452497
293,8427181.3607173
295,10887935.9885747
297,5914509.46971593
301,5477063.06031973
302,4036063.01071058
303,14285653.1608578
305,6939532.98091599
311,6918800.20271659
312,12170325.7554694
315,5518217.37757693
316,4872294.00005951
319,12549117.6994242
321,10643450.7049155
322,8166539.05275543
323,16388375.6903519
331,15824562.8337719
334,6980405.30898635
337,5783920.0192428
341,8155867.43526121
351,9418994.87448558
358,13850368.9562102
360,4039563.20747036
364,19148319.1881643
369,3967590.50726967
370,7652596.35459471
371,9585249.84571425
381,20278553.4819557
382,8427181.3607173
383,12261696.1801981
386,2743140.43108381
390,8692304.88981658
391,5832643.46371993
395,8310208.21580677
397,3042618.57941147
398,5809180.1812374
401,17222270.5809353
403,4282557.57695704
405,1536708.04005224
407,3880312.35773605
411,10041877.1609623
412,7498713.26331215
414,4192310.45398755
416,502244.392992488
418,17793227.4512051
421,7702242.74458914
423,9509026.78736103
424,3219557.32044009
427,7817527.34942446
428,10999279.731208
430,19918920.8564471
431,24385858.5197697
433,7217200.34763077
434,10248421.8018474
438,5386605.83204702
441,9735317.07978155
446,2879363.90356204
449,4025200.74337936
451,13869524.5911522
453,7019577.99393018
456,8884452.79529951
458,6558735.46195779
461,17018121.6084315
465,3859354.53136379
467,5856113.02610585
468,5472559.21887661
469,4130551.00789039
470,10679035.7486391
471,9570572.87301843
473,5199818.8907879
474,10135487.838925
475,14108938.5325592
478,6945971.60987871
479,5747171.90176477
480,19167011.8580111
481,24465353.7404706
487,12362059.540635
491,9769810.79737127
494,2951051.05842583
495,3119810.36624324
497,13247671.6974144
498,4865237.99965945
506,20772098.2688702
507,7137468.43831952
511,28516040.8126137
515,10462723.1948342
516,9236831.53204778
520,6001182.14673918
521,7917275.18580615
527,17963660.4087232
530,5557680.87031858
531,11996522.8748456
532,5597376.58661798
534,6956554.13739502
538,20165638.9359179
540,4497694.12515809
541,15754743.9415525
543,5632429.20294667
546,2966507.79885627
548,10032535.1931221
550,16375233.9381544
551,40246572.4357778
556,5387645.19207845
557,5155539.40203984
559,4779616.25962221
561,5920964.93008766
562,4846150.3354776
566,11529882.4191434
569,3433322.18583674
571,23892817.9160894
576,8804788.53420545
581,13287553.6194251
583,5734213.06981681
584,7465935.15700557
585,6647800.80496643
586,8387808.09541594
590,12260878.0571719
591,13631573.6973707
592,3916870.19592417
601,7735302.36162907
605,2394479.31714086
606,2829393.58315244
609,4405949.00853285
611,6498451.41939131
614,5372394.20708975
621,7066272.67104326
623,3795144.64808244
625,7933026.7205686
626,5155539.40203984
631,15577465.6231315
632,7071380.99084401
635,7054911.10469852
638,6940314.35374544
640,5929899.92020111
641,17555654.6097375
643,5242868.9254815
646,5242868.9254815
651,11100685.6117815
656,7181499.47593633
662,15300589.9892687
663,5499730.25989852
664,12456268.3013589
670,4564786.05245174
671,16119527.3384768
673,8690576.50287299
677,7243128.61624103
680,2136552.35868835
683,46587084.6240845
684,8364162.94517432
688,13635725.1328624
691,11185786.9680263
696,6171374.48445902
698,9815302.04367644
701,12870069.8882853
703,7972455.23971893
704,6271044.1862506
706,2024248.98174465
707,3709928.81239409
709,3242425.98623264
711,10647328.2212004
721,27182511.1983478
725,2433076.0865354
728,2826877.71211297
729,15331972.2791426
731,5742904.51626753
736,7814904.03142695
738,12153578.8056165
741,12115431.0664594
748,16743056.1919516
749,5015877.9073228
750,6047272.15346601
751,7896961.71471795
754,7853708.83961741
755,8058404.5162802
758,6887690.42959526
761,22299131.5190451
771,26180187.3287953
777,13064674.2743715
778,10780447.1062433
781,8750948.95805839
783,3088333.7121457
785,8357935.62298902
786,8755496.17678407
789,5913860.37537736
790,4435046.83002883
791,24347148.8380708
797,10210774.3102459
798,3316565.04553005
801,13150696.1361672
804,12979729.2003797
807,5490848.51221867
810,956448.312914015
811,8957219.07869498
821,19838046.6879227
825,9097543.61512227
831,23819684.1200953
833,16218858.7471406
834,2811325.68537638
835,3653169.62215666
841,15017993.0085682
851,7406941.17941343
855,3687128.14674633
861,10090178.4804554
871,9122951.46661496
876,7240966.92124302
881,17241029.3928082
884,7327600.40748909
891,6093572.84104974
893,9238079.65549567
896,15267228.0295474
904,7520964.11164615
911,7680470.44103858
915,4440360.15546182
921,27931164.4929488
928,6177582.29652735
931,6026352.86139496
937,4025463.78201706
941,11432149.4935239
943,5891775.101038
951,28070657.710719
953,5104838.66562627
961,15531784.5786331
971,13386863.8076554
981,6424487.22004966
1001,4749205.41687543
1002,5609349.50690377
1006,4945720.46342852
1013,9676647.06975719
1014,8042149.77540476
1015,14037074.8566002
1017,3580210.29153571
1019,5220309.09930106
1021,17347737.1926424
1031,6926198.67754158
1033,6623503.69086099
1040,15209460.1364385
1041,7711403.36783601
1044,2816649.6093971
1051,6813809.24946212
1058,4772166.75536475
1061,5544015.41599624
1065,4494855.62658519
1081,17048671.193981
1086,6095461.11575935
1087,22032421.9384851
1090,7996000.97891053
1091,7121470.59403703
1099,14264288.3575273
1101,7380545.09256828
1103,7933355.45597884
1106,14849793.0933278
1111,7647970.86200041
1121,14431607.7964011
1131,8899008.9814912
1135,7482945.20626295
1139,5330171.08739495
1141,7042226.78562129
1154,8274649.14862201
1155,4510082.95439167
1168,5800860.15815362
1169,12623768.9080815
1171,8234755.80267091
1176,13503748.3428665
1181,20288549.035174
1191,10693376.5210926
1195,10274517.0213156
1200,6546671.25452267
1201,16952219.3488481
1204,8887355.84719642
1211,4641497.86515482
1227,4299681.12037338
1231,5744756.2070394
1233,14064207.6286369
1241,9415925.06885306
1249,4005797.9480985
1251,5833751.56256581
1258,6090430.88767719
1260,13017021.4692105
1261,23264611.7378482
1271,6359195.54665291
1281,20146437.6093925
1291,12342239.0050482
1301,8444319.4417807
1311,11656640.7171404
1320,7046849.66200301
1328,7611854.5738318
1331,709067.383094739
1345,5557680.87031858
1351,4651102.50376093
1355,5218572.48732674
1367,4736666.13121299
1371,7832394.13191135
1373,4647070.33065774
1379,3176316.42763463
1381,18367891.2346296
1391,12328444.2685407
1401,11673545.8753112
1406,4360677.33164539
1408,3999790.17314565
1411,8896047.01434777
1412,5721140.37497511
1417,3075077.99678503
1421,8000435.5510136
1423,9209587.4208749
1431,7556856.37683728
1441,16368195.0452332
1448,4753679.17173919
1451,5853149.5691883
1461,9677961.6502969
1469,10250495.2973073
1470,2747335.5512592
1471,12712604.1553961
1473,10975283.3940159
1481,13324995.0519587
1501,16834564.1163786
1508,2651015.20329071
1511,8557490.8872299
1521,4375636.59750058
1526,8131152.69092996
1531,12209419.0428229
1536,3174146.24708147
1541,13057053.3386272
1548,4706404.09114425
1551,10833894.2987
1554,7145319.62019971
1556,1536708.04005224
1561,11805993.6598457
1571,8926608.47072856
1581,11276448.9191803
1587,6896958.86316861
1600,5522115.97159464
1601,17757172.500601
1610,7911206.09317745
1611,7757091.05192034
1617,9267163.71448768
1631,9569682.12603003
1632,4399255.2918899
1635,3834575.60947111
1637,12186158.0400042
1641,8028964.23250029
1651,5145163.06496171
1656,3620151.27428332
1660,5934976.45480256
1664,22728230.04895
1667,6129585.81667602
1670,5476692.34220985
1671,10228311.5064621
1681,7720299.16675988
1685,7018311.2045081
1686,5248688.90069319
1691,6495140.44112907
1699,7916426.02017202
1711,13600122.7985574
1713,5320910.88487603
1715,9122465.00207969
1719,6433455.75437124
1721,27678722.5593826
1725,4010509.27764665
1727,6215772.09540527
1731,6238047.29117581
1732,11449494.6590577
1739,4194822.25249024
1741,31693694.2757103
1742,10452461.3586009
1749,10258342.7938047
1751,9039995.10757595
1752,7877741.38009615
1757,3469088.98224414
1761,8485823.89397446
1762,1458151.75265579
1776,8668709.51005375
1781,7968660.44981445
1789,15113379.839649
1790,5657441.77911492
1791,7913876.8950595
1795,7902447.26220856
1801,7616440.5243792
1805,8224158.25245973
1806,8786214.15136958
1810,6416606.2598417
1821,13375480.6146091
1823,9849577.61113496
1831,15892022.3441428
1841,12280036.611578
1845,14905262.0408295
1851,13201593.6434443
1855,6132381.76592773
1856,15193949.5589368
1861,13607348.4650469
1869,5549176.36342669
1871,7126935.19410288
1881,10439289.9461782
1883,7786755.75891756
1891,9084733.98226462
1893,3540516.42580699
1898,2642112.54006286
1901,8206801.82821219
1902,7632061.36136375
1903,10802337.9892016
1904,5011251.06347534
1911,8231392.91511728
1921,4419122.74601554
1931,11340684.4585081
1941,12824029.8047244
1951,14142918.9195173
1961,13907070.8051422
1964,9065987.0236779
1970,8401962.08726073
1971,11320430.8180531
1977,2811325.68537638
1981,15668048.9458927
1990,21043672.47276
1991,19339352.0191714
1998,6438157.79104946
2000,4830344.72163286
2004,3565114.79457187
2009,7606798.69195968
2011,14709764.7397756
2020,11874655.8369614
2021,11409903.2086524
2024,6614084.33212732
2026,2136552.35868835
2031,20484726.2599665
2038,14355107.6258953
2041,28641754.5792013
2042,6053342.77071495
2051,11542581.6749044
2053,7021002.207689
2060,8762347.86023593
2061,11455908.7450311
2071,5312091.53493459
2080,4095435.91966287
2081,15238107.7744947
2091,27150348.0252325
2092,4405679.59600834
2099,10560737.799734
2101,18453780.234597
2103,14805445.2820884
2111,3892966.05021364
2121,9248563.04689863
2128,8675889.79050028
2131,13069457.344346
2141,7987543.21676512
2145,1829884.35524543
2147,4849380.66346556
2151,14869494.3326648
2155,6245631.05441637
2156,3614051.04623038
2161,9367954.1091438
2171,9419702.42856872
2173,15817492.6504178
2175,8926309.07918042
2191,16467749.1865189
2192,9221417.1292581
2193,6212256.08850076
2194,8761201.19968081
2196,6157797.60351093
2201,5017746.58735909
2211,7474812.82208462
2218,2534734.51318312
2245,6053342.77071495
2248,1.62867062656826e-08
2251,14914738.2292766
2259,30192657.0139174
2271,7716951.22665801
2281,6178936.32244896
2295,9592930.96455471
2311,10590624.5221475
2314,3428052.32163791
2321,28655582.7656222
2331,12800711.4842035
2337,7575136.89462119
2341,9243768.1844211
2346,8087738.69015335
2351,22851677.9364279
2365,8915191.18712392
2367,11065570.9612805
2372,4055894.60863716
2375,3394945.36215879
2381,20155409.7923508
2391,3666675.01798907
2394,2013835.05049367
2396,1.50870490607546e-11
2401,22621798.9873575
2422,6728814.49648821
2431,10621320.7863843
2441,9240935.37797037
2450,12025145.5205672
2451,18519329.9051535
2460,5703577.81710657
2461,3515418.66205516
2466,7151009.44490207
2468,4295541.79935998
2470,11225186.2667833
2471,3792291.42304538
2473,13522773.4118571
2491,5606978.23795934
2493,2587526.65990327
2495,5180425.09478641
2496,6879285.91362203
2505,7975953.39497082
2511,14929105.5791166
2517,9512969.15051561
2520,3335759.29746431
2521,11474250.6855445
2531,6126326.57925407
2541,8516307.64598306
2551,6267683.70311668
2554,5229215.55781771
2561,7093943.29015073
2571,8015867.84308994
2572,6868166.91253992
2580,502244.392992488
2591,6001130.45218686
2601,6991334.83068321
2609,14734410.7538186
2611,17771143.3866502
2615,21943950.6177802
2631,6870535.72366113
2641,15545984.3892663
2650,9785269.67535013
2651,10260082.6914027
2661,8293708.66389515
2663,3533257.6229648
2667,5155539.40203984
2671,23754507.165564
2681,22221220.0062377
2700,16167684.1717447
2701,16647500.5824849
2703,10015130.3376352
2710,2136552.35868835
2711,21558848.3007289
2718,20669672.6186753
2731,13312107.184455
2751,13906451.6737519
2757,5168901.83492877
2773,4148540.13633418
2779,3479408.04152754
2781,5808673.0059693
2795,6180909.2935756
2801,7443393.42479991
2803,3670314.69087737
2809,6472708.06113462
2811,6176863.26139632
2831,6081299.52661836
2834,4943439.65919274
2844,5321964.39124655
2851,22340864.6983762
2861,24954806.5297513
2862,5912608.35893797
2870,15234028.3733247
2871,4276349.14328928
2873,5425543.79818387
2880,7261436.76705889
2881,21908232.0985136
2890,6861146.47002823
2891,2670956.97867371
2901,16083985.485256
2905,15242652.5468032
2907,1208339.98856795
2911,4827870.64986927
2923,5582393.20066761
2925,4189555.26275051
2930,11901186.4349239
2931,4597058.50284068
2936,5862405.27227347
2951,10230601.5934449
2957,5272490.00352205
2959,8133511.56008995
2961,6134136.92856575
2963,11445817.1884392
2981,10446687.7269073
2991,5821614.95586052
2999,502244.392992488
3021,6518630.72595955
3031,8644966.58895906
3041,5656558.49549041
3051,10500427.7275523
3081,2056061.23999523
3111,9543809.98874261
3121,27475113.1530195
3131,27756029.3531276
3191,26719982.5590802
3202,10124435.675737
3203,23863317.9123309
3204,13295800.2860429
3205,6220822.83420728
3206,7650650.51812016
3207,7596557.36700108
3208,3839525.06667901
3209,8500273.18746407
3210,16347069.7944216
3211,9602709.9892558
3212,7947276.52354538
3213,9459544.17420329
3214,5510105.05314005
3215,15608293.3035401
3220,7639020.87280529
3221,11870444.9874861
3222,8516669.26452268
3223,19409942.878009
3224,4979944.17566154
3225,12242193.5826755
3226,8628018.75675505
3229,7923631.04268666
3230,22176729.3602483
3231,16250855.9552721
3233,8788253.46677066
3234,11176879.8944311
3236,9021088.58900147
3240,16422043.6653746
3243,10333289.3184107
3245,10264115.3826308
3246,10905554.3706547
3247,11283472.9223055
3248,11082358.3287428
3251,5976522.04762131
3252,2924769.74932575
3253,10096011.8548612
3255,17530903.2190666
3256,8999557.05834478
3257,4936664.75383565
3258,25896085.3484482
3259,16941252.7289901
3260,5521720.62358104
3261,5115327.11615953
3262,4882639.65462481
3263,25754842.567946
3264,16153362.3807696
3270,4702516.95147572
3271,17529614.8950547
3272,25698881.0948865
3274,7923509.03996497
3275,12173762.9330665
3277,4244741.16306431
3278,14060374.5012029
3280,5878436.52078688
3281,7455028.61488826
3282,6120442.59738178
3283,4582325.0937438
3284,9941055.43509519
3285,22600300.2005638
3286,9904345.10882338
3287,3325653.99763927
3288,1164347.24059127
3291,5243067.85534845
3292,7121233.77494821
3293,9638628.47594937
3294,11357883.0949884
3295,3416274.25814211
3297,5441739.35266569
3299,11456431.4672065
3300,25742608.8591977
3301,13421603.6245748
3302,9315520.68901816
3304,33869162.5249729
3306,5741369.70986584
3307,3831589.76269832
3308,12757761.9500605
3309,7379329.55195709
3310,21120335.6861052
3311,10999410.1975135
3312,8664686.50343981
3313,2412984.80471158
3314,24401037.6804873
3315,6320007.27996925
3316,4871322.36924804
3317,9911059.64074182
3318,14417405.0309899
3319,8720329.50254714
3320,7364724.02397951
3321,5471892.1809218
3322,14532816.2344874
3323,9682364.49486417
3325,6688114.87145484
3328,10313737.6883461
3329,18690971.4192524
3330,11109321.0453906
3331,5928787.11596999
3332,16539014.6914273
3333,8963133.76557453
3334,3397704.89067054
3335,7194686.9754161
3336,19466699.3167621
3337,10031137.5631915
3338,9649365.73444175
3339,12229801.4138505
3340,13364446.6723327
3341,8328522.8709895
3342,8993836.70212733
3343,9364144.17011472
3344,5517290.26356052
3345,11252477.7506759
3346,11849145.6228803
3349,7189965.60726113
3350,11212411.6252701
3351,6984834.10917906
3352,10602038.7671578
3353,5897164.06590897
3354,3513682.35721672
3355,4335503.76902581
3356,7082846.74028476
3357,21683812.3712622
3358,5949564.65035253
3359,7389565.78481021
3361,8240294.58974171
3362,5330657.06718038
3363,6154499.24804198
3364,4624067.00247659
3365,8721850.00682463
3367,3226188.80264133
3369,7929689.24946669
3370,6899655.5563824
3371,2943886.17493983
3373,9694193.1703942
3374,10691067.8979072
3375,6422366.8892508
3376,6874240.7348417
3378,6413401.87740239
3379,8853572.15971786
3380,8674921.72911037
3381,6522880.05761953
3382,6391091.48422654
3383,3546584.32649141
3384,1652779.5572515
3385,1472245.48125489
3386,5181210.47215891
3387,9948588.23946396
3389,4626314.28600463
3391,2559840.52633468
3392,6595876.24962312
3393,5746182.43738173
3394,4609651.12487047
3395,5668749.06749384
3396,4543986.14171564
3398,1865653.5976252
3399,1455055.37395239
3400,7101695.29283666
3401,8017707.1740304
3402,2227090.10775298
3403,20201785.7799585
3404,4985369.53291483
3405,7721273.544373
3406,7982971.84060633
3407,11312034.6183749
3408,7634830.8512461
3409,6126388.43532772
3410,5206212.04260794
3411,19621060.4585721
3412,8116210.50109111
3414,4145921.81658006
3415,9110915.32672728
3416,2808447.82034585
3417,1372954.95927313
3418,6717665.63978056
3419,6393336.68161349
3420,4955719.83222466
3421,14714305.399739
3422,31899371.7993437
3423,21817612.9303308
3424,3877129.16275273
3425,5400564.89866668
3426,4964651.97756045
3427,5242475.35394836
3428,7332319.8505097
3429,8264912.28872142
3430,12064567.080459
3432,6993722.07079048
3433,4119188.53767398
3434,7085019.2393403
3435,6014555.48333361
3436,18105939.3788787
3437,17862573.2758497
3439,12335425.7617414
3440,10505612.7115689
3441,3732880.38877259
3442,5310101.86686446
3443,3840083.32619109
3444,9232902.18629426
3447,6130616.19015968
3450,4393058.489976
3452,10099910.5467555
3453,2321767.07741475
3456,8957740.2160751
3457,6936719.32543068
3458,18090824.4683051
3463,11237089.5154912
3465,5208621.31358469
4030,6053342.77071495
4055,11553589.7273815
4063,9474081.77571536
4079,6033361.44775697
4084,6418384.54128797
4086,10872403.0714871
4111,10274281.7644623
4113,4748576.92539193
4114,5682513.09752445
4117,3898151.16407812
4124,11378401.0744877
4128,1536708.04005224
4197,3730174.43783377
4202,409302.818677597
4203,1088290.78307024
4204,2445209.25566425
4205,2653887.68547459
4219,5474637.92864635
4237,7892346.76132011
4243,5207756.07998783
4254,1388411.32920409
4259,2360141.03060632
4260,7193094.65890205
4265,6587230.86183098
4301,21264498.8814892
4309,15986983.9896219
4312,7714519.77074561
4334,502244.392992488
4351,3337866.11281194
4365,9048963.38909337
4424,12598039.5537161
4432,5626116.20610846
4439,10373524.5347292
4469,21657194.7036733
5103,9469618.22425041
5115,4011591.69568813
5126,9594414.38275975
5152,9759023.8966855
5178,16049952.7563853
5195,5982717.62967973
5210,17418122.2045035
5212,18627458.2146739
5243,4104416.02591337
5254,4549129.73825851
5261,5002359.54210331
5268,10483292.2982774
5279,9975861.00673604
5285,1914410.96915059
5308,4926557.05960412
5309,12614305.8898511
5314,6094852.86543446
5325,10458025.6365255
5326,9041941.13972353
5330,7730094.19485143
5333,6192083.25350493
5340,8678733.51670171
5345,8717335.91232621
5361,8450917.23365577
5362,12233211.4768402
5363,18912869.6334086
5367,7871253.40363123
5376,10682081.2105372
5385,2189804.46221759
5397,5204546.41517294
5428,1635321.85750254
5436,9008412.38827586
5441,8480838.29698667
5447,5155539.40203984
5452,2867989.773308
5467,8960151.0279415
5468,1250631.72952634
5469,2553158.88222811
5478,3829115.96389159
5479,1976956.52525192
5480,3396931.95841438
5482,5571092.31159113
5483,5724081.86170627
5484,6148903.46554858
5498,15756574.3533773
5499,5967522.30706815
5501,10117043.99109
5504,1359354.66119917
5505,5242868.9254815
5509,7177064.61845696
5510,5242868.9254815
5512,1198161.31838582
5516,7451636.66228059
5520,2361652.60926709
5523,5066075.12877426
5531,3202421.47943613
5534,5105817.54421652
5536,7060976.59715176
5556,1370583.58563505
5560,2816649.6093971
5562,6233641.00058831
5570,3490282.10543268
5571,4690770.50090831
5574,8283462.52011621
5578,8577945.14647924
5588,1109276.22180985
5593,2136552.35868835
5600,2136552.35868835
5603,1388411.32920409
5609,11986707.536993
5613,8380544.0729849
5639,4501589.78982481
5647,9858214.12763226
5648,5354362.30046648
5649,5849403.42458987
5671,5175283.72277556
5683,4878933.38858741
5703,7685710.70047081
5717,6975961.13111331
5731,1309653.86266985
5748,28896314.8848598
5762,1359354.66119917
5771,4710626.5339943
5779,5283322.02367699
5785,8395147.50332904
5801,3994508.82619457
5805,5155539.40203984
5811,3933169.82857605
5815,6821288.63180097
5834,5487991.76425522
5837,6012778.02796997
5879,9946174.95171103
5889,2876085.4605566
5890,2876085.4605566
5937,1388411.32920409
5954,6867836.57060451
5955,3541243.45890538
5958,7155584.53169329
5959,6067990.80409575
5978,4934017.89172075
5983,3208205.19773541
5994,2693844.18666566
6006,22356149.1315659
6009,8163260.38968346
6011,8902378.51717714
6014,12326108.7654822
6016,12411226.2652828
6017,7835386.47346901
6019,11432253.8143594
6027,2811325.68537638
6035,7719310.20948832
6040,3138269.46009989
6041,13890584.4274544
6042,4460689.64144824
6058,6592475.47439077
6068,7608292.42433428
6102,4802147.09619098
6103,2592483.7147339
6112,7058792.78249871
6132,5988600.40711311
6137,2346518.86152073
6147,4383163.02554109
6148,2750463.73609443
6149,11610642.2027407
6151,4184932.96485872
6158,14424758.7345971
6165,6748712.95375394
6180,9959853.98022596
6183,12081105.0987698
6189,7025457.89276066
6191,7132499.50205896
6198,7187285.41041114
6203,2756806.79993569
6206,8840122.58096498
6207,7946312.74824686
6209,6687677.84688142
6217,12636180.5236024
6220,10649455.2821791
6221,13627104.1860831
6226,43158172.123651
6229,6704774.33074585
6232,3755601.59049428
6233,5729359.33461335
6234,6216765.59122062
6235,6752856.0799144
6236,6871864.35148752
6240,5185484.52445669
6245,3381535.01405254
6246,9778968.14823609
6251,7960088.60972672
6255,3762487.73882303
6256,11007388.252577
6259,8368658.96700318
6261,6036525.07371593
6263,2223917.80309125
6264,7809208.35397032
6265,1009542.37813629
6266,6297249.93647937
6269,5467788.0708417
6279,8864002.36931228
6283,7210385.57160778
6284,1359354.66119917
6286,4595321.78088822
6299,7423958.0543865
6301,4704668.37564627
6307,19090778.1601387
6319,8236941.71173221
6326,6001640.97326485
6327,4238223.40311977
6335,4829514.23544197
6341,6653397.9382104
6345,10318446.857229
6364,5838063.52925882
6367,8222260.83161086
6372,9969082.19920292
6377,3302701.85792446
6382,6300711.56449454
6383,11195788.417745
6387,6517093.16554585
6389,1536708.04005224
6390,2371832.26873308
6391,8424688.40128412
6399,2892512.17912696
6400,4976731.53431308
6402,2726073.6088943
6404,6011101.11258344
6405,7868004.71279806
6411,6536532.62270644
6416,2949306.44824296
6422,6872423.68204009
6423,5234601.90263148
6424,4957795.61960064
6427,6902212.12700418
6428,7810881.30503772
6430,5090005.71813329
6436,3287846.30272762
6439,7388679.92187884
6444,11097914.3285257
6445,3796017.20394493
6449,18838277.726682
6453,5673043.17250445
6476,5106111.76179578
6484,5260870.3114553
6486,18484064.2712718
6487,2816649.6093971
6491,5697847.1718699
6499,5996714.50594125
6500,13525490.6558867
6502,6296719.73426461
6503,7499757.61872782
6507,14198490.7407467
6513,6810634.38884296
6520,6902222.94303125
6524,7954058.4427161
6527,1568819.9704854
6530,3574066.56682035
6535,2910543.34005322
6545,10981134.552652
6549,6176356.58362477
6583,4473526.35887757
6596,3703803.04562771
6600,5209153.97964775
6612,4412434.73370226
6617,5894485.17415235
6620,1536708.04005224
6633,5500805.64230879
6638,12499614.2320986
6641,1888932.09697297
6644,5155539.40203984
6652,3967590.50726967
6662,5456000.63470755
6666,3145475.0283546
6671,6748110.88825149
6677,2410693.9185896
6682,11413088.9103884
6687,2033580.21891185
6689,5117282.18039351
6692,8879025.62441466
6693,4910475.21525951
6694,3997195.87189418
6700,14545757.7032601
6723,5862741.5739257
6728,6702096.21496717
6732,5588246.2736382
6736,1971256.58321426
6738,4768245.24057119
6747,3176685.66631596
6748,17492979.4998955
6754,5533164.57076675
6767,2948315.74653114
6777,4230713.08744481
6788,2584887.25828767
6790,12400304.8821627
6795,5155539.40203984
6803,3358332.51696849
6808,7064271.8561457
6817,10807567.4592606
6826,18041017.5201009
6849,12293247.7994371
6850,12518588.7230072
6862,2944308.54195711
6866,5420316.39817798
6875,3872629.21189257
6882,13301259.010737
6890,6801814.86242659
6897,6084945.83109306
6901,2136552.35868835
6902,2346518.86152073
6906,3880446.82456835
6907,8112995.4416165
6910,4784959.32560841
6911,4863284.42886904
6919,14197130.1617011
6934,4242964.93605655
6946,8152666.89477458
6954,7719310.20948832
6966,5225298.20768825
6970,8011514.11901686
6976,2530956.85315478
6981,10467699.6659504
7029,3038208.44975072
7043,8353995.27319452
7057,2969465.12943294
7060,5778928.42497347
7077,18908721.7519842
7078,8046204.42870332
7086,10601558.2191299
7087,3186471.64442949
7089,9548839.64780184
7090,3176316.42763463
7091,5738693.43979494
7095,3463831.01242589
7097,2457858.24316584
7098,6808394.47776904
7102,14344992.9125413
7104,1710421.04312973
7111,6266766.73528571
7122,7814904.03142695
7126,10374486.5404288
7134,5155539.40203984
7136,1435724.10744935
7139,7218946.79879564
7140,4451145.54664334
7152,5490172.98526104
7153,7278093.408216
7164,8624180.55194288
7178,8724403.96408626
7182,4207554.81600102
7185,3144128.50012805
7188,12688610.6329703
7190,4138830.29963751
7206,8566946.54434562
7207,3140515.53041855
7211,3025096.98897506
7216,2493367.94822141
7243,3249818.39366784
7244,6140205.18687806
7248,8032075.78448527
7251,9190392.62273432
7262,12614305.8898511
7264,5503403.92478278
7275,5380236.43978654
7280,1458114.12295448
7283,4278263.99603722
7286,13305089.637743
7293,4415762.94909701
7294,4716931.64607444
7295,14967144.0041944
7302,8395147.50332904
7309,10482200.4899211
7320,502244.392992488
7323,8134530.26075843
7331,4057119.01985602
7337,4645768.47388102
7343,3428296.85242451
7386,2405780.96107027
7401,9834931.20262142
7426,14602262.0355443
7498,14753405.1037428
8281,9843160.91304973
9638,6852445.97809065
9774,5680238.57144608
10000,8853572.80766241
10001,6430349.37792159
10002,6927887.38906165
10003,5422412.24165383
10004,7405737.74246409
10005,8513848.53716746
10006,4665746.33992238
10007,9623394.09216862
10008,13311328.9969147
10009,7555181.44581661
10010,8402406.84401947
10011,4306672.50657535
10012,11181482.539139
10013,5155539.40203984
10014,6304049.24775729
10015,5979054.33367837
10016,5441437.10114599
10017,13026556.6544467
10018,5151867.13601238
10019,13876767.3158668
10020,5645671.76082899
10021,4187041.82581036
10022,5439328.90002558
10023,4504573.24490253
10024,2420916.14888677
10025,3720453.27271282
10026,9845992.76167774
10027,8872316.58489879
10028,11765118.5396401
10029,19229978.078483
10030,10231792.7753429
10031,5436361.90362376
10032,11093650.916996
10033,4576461.82264774
10104,9991066.39811518
10118,8749560.00826699
10556,8876285.11326296
10568,4220623.84062698
10832,6070267.75502221
12586,7406058.85492231
12787,10832059.9463466
13138,12779846.2290179
13897,7061334.01121528
14396,13294260.9154704
14464,12195399.2221553
15011,6079068.13766065
16784,9654875.35525507
16801,8848719.71969399
17723,17903866.5730312
19632,4943042.21453665
29579,8216959.34443694
36207,5956199.58918879
38971,7301477.7263754
38997,6933051.70871585
41635,8842184.19519541
43324,4485168.48181025
43334,7953153.12995507
44150,2470108.04794451
44409,8107574.21539076
45935,3459729.01589804
46886,12120115.0693683
46948,4030957.01516558
48109,4256106.2346717
50339,3264322.42256826
51581,4075992.87217886
51823,4833552.33287426
52678,9151943.08289399
53025,8039696.22536047
53832,3378746.47845274
54569,9569737.56969146
54826,3558993.01819577
55521,9600329.23358342
55536,6758001.8528565
57140,3181684.21998443
57316,4255466.70749522
57578,4056952.61861131
58305,4233446.7600773
63409,7416772.11438963
63444,9366867.153919
69884,3533364.1908914
72874,1594682.7120612
74538,4020640.71264114
75898,7285166.07788893
78241,7360820.98388806
80166,4334589.26864679
80726,8830934.06642078
81804,5036206.45236887
85649,8114412.56074424
86255,2749200.98417804
86697,3481725.30690134
86857,3446344.29628151
87654,11252818.8400193
88306,9227162.36685532
88753,7901241.98635422
89044,12513494.6680876
89662,4942108.39386156
89700,6912548.73530227
90662,3797492.28840336
90941,4773388.09211059
91171,2005390.2444768
93193,5982351.20595295
95178,15105985.5938966
95310,5030678.75767776
95426,9406670.02968604
95716,11124176.0835342
96211,3734437.49752562
98720,4255902.02413005
98842,4618505.12978658
100264,3524445.39205085
102152,4289714.78895916
103664,4932475.42339749
105506,2855952.37316955
105515,3101899.30229026
109362,3779560.14441432
110354,4600119.21643742
112759,6047708.59970814
114361,8168280.53296895
114896,5968107.67352509
116624,3278773.32430754
116916,3042539.46555303
118724,1634209.37206075
119606,3357736.84976509
120095,3803916.024855
123729,4066688.760213
124567,1929690.05808518
126236,1031298.60655879
127647,2599553.14831303
127981,2287738.41826335
128961,7788345.33528742
129412,6822055.11766274
131273,12352315.6249814
136890,6446796.24875462
138315,6729804.42052397
140119,8443086.14836733
140136,9050988.60753621
140249,6844924.00158604
141288,13375867.9379716
142468,3488024.24770071
143293,3766714.30600967
153051,1428661.75661192
153388,9629203.29373188
154256,5923974.55958415
154424,3337053.83683681
154679,5406830.50686557
154692,4171637.2513607
155089,7123900.67449146
155502,19683509.0021527
155551,3145083.32198809
156966,6524125.36119336
157161,4167793.47720741
157915,23849570.3383566
158792,4745175.72342657
158847,6254785.54002591
159191,5531448.46675628
159340,7180859.74966116
160195,4260993.74344254
162454,6008268.19334718
162974,9671558.06311067
163410,8881901.63093667
165012,6369996.47891298
167280,3736528.13816708
169740,4402379.2470754
170269,4777084.66026917
170618,4503367.82763214
171023,2928892.39850288
171287,4511185.70198553
171893,4242664.86067807
173507,4141718.60979267
173529,2956795.61789009
174236,6415844.07700761
178255,1518667.68539597
178934,6713782.68415764
179014,4303690.53373378
182504,7467556.20793324
184577,4300295.32529133
185176,5795232.12361708
185245,4511971.58787683
186078,3051257.41015046
186101,3738112.24067956
189491,6575928.63530597
191539,5881557.07653058
192690,4223879.80039425
193116,5019404.07933281
193671,9116753.6722967
193888,5433436.87459612
194097,8588362.76764374
197380,9712740.40282924
197638,3520846.46813991
198769,2605234.92583306
200763,14878105.5789307
200796,9481379.56984457
200934,10737725.9502786
203404,6732070.0496506
204270,4369855.07063675
208529,2442650.02325701
209009,2404064.3335549
210476,5808842.09129854
218661,3249491.35360065
218831,4067046.94833699
222679,7639959.90555215
223119,9462431.47978895
223212,6778765.00994792
223278,5173197.72931307
223444,7177034.88765719
223892,7284214.27019661
227819,3956011.21238941
227913,3469147.217954
229279,11593299.8697826
229920,19404281.7125568
237569,10846457.8313787
238358,6373116.42040796
246113,776798.162619991
246426,5672384.77270369
246991,2550351.03149191
260715,4110633.34970658
261110,3086752.03728558
262886,4426209.34078631
263765,5006417.36470722
264135,4846093.76011118
264662,3592066.18697764
265318,6878562.24409348
265768,3709899.56524
266783,4468623.55194123
266787,5375368.09543047
267086,5797874.46140003
267797,3448124.4387114
269063,5422009.13184816
269716,7800651.52098899
270688,5404939.92949743
272132,3447822.78338174
274504,10195526.4518741
275986,4033071.2964311
276115,3360462.75913025
276634,4336810.66893181
277113,3342989.45628887
277378,7538989.90734833
278791,7531803.12632871
278936,6180276.54313875
279022,6392345.8517274
280804,3049220.22917413
281356,3289675.48248958
281566,3388882.84305205
281698,4352378.47465431
282130,4011757.31051222
282206,4912681.99325568
283011,2846528.98451781
283666,3183339.51225356
283961,4241420.51013591
283976,3840659.47180122
284953,5984393.66398261
285362,7315775.88981657
285961,11742494.0495952
286476,5812241.05692357
286662,7252025.08319722
287235,5583922.71209047
287418,9326122.29297446
289028,7430901.47367147
289579,4914419.9312394
290508,5729999.51585829
290948,3699417.37300342
291459,3457517.58830128
292239,3619148.62946586
294038,6197980.57799662
295413,3052657.03633254
296579,7048658.12755585
298113,3275937.50189728
298747,6730852.99480455
299355,4110148.5246258
299965,8568283.94125991
300495,11580840.374647
301042,3991200.04135613
302217,4566699.10823486
302716,4558658.56669202
302809,3864737.42722934
303384,4503223.58786814
303828,9197160.56305537
303884,13085813.9573513
305925,16397025.1596168
306145,12555889.3759434
307246,14474927.6704129
307826,6431580.19725448
307956,9061421.11503432
308655,10997680.9097772
308811,8573324.66940855
309053,17730642.4773278
309179,13149943.3241186
309292,17461406.1432721
309352,9224702.67384896
311103,16893600.0296801
311782,14219083.3596843
311833,13183148.4381217
319680,7244302.36118299
320986,4282997.72239099
327186,6814583.90236329
327208,2737752.5923072
329044,6142742.46616753
332801,4054785.42385975
333119,3690112.28106607
333134,3322352.01107097
342237,8762766.30204287
342995,5383230.01480461
346755,4473402.00750184
348698,5550846.63999346
352578,1686783.54899341
356653,3115965.55108106
356655,4293663.66853809
356936,3438231.61181316
360247,4422212.87160681
360273,5743909.94092325
360425,3844810.86237059
360598,3536709.08454983
360779,4419442.03564454
360840,6442766.56775611
360879,2061766.84626116
360964,12028669.7736056
360969,11350550.5280171
361096,11814024.8828031
361332,7499075.92265884
361788,10239467.1410907
361866,6751857.72713284
361905,11922714.3787481
362094,3866446.09355663
362253,3859581.24110783
362411,2690747.14313312
370335,4976256.87816888
370337,5251940.53091208
371629,9648620.83000254
371921,3887999.23272375
371922,2879880.46509517
372096,3466511.02559769
372394,4502238.45831338
372425,1043511.46005789
372442,8764588.90296489
372719,6995256.23075381
372873,4819648.11317807
375089,9267905.8727427
375233,3955428.19721831
375319,4272912.33229175
377272,2211083.66691313
377458,4914981.22689544
377481,8214353.13595047
377653,2815092.69253303
377753,7697336.02603862
377754,11650762.0871688
377788,8327624.89640283
377789,6112513.57747376
377958,2327019.72593934
378175,5759639.64860544
378428,5956445.76576772
378954,5714906.85125623
378965,6669502.32851069
379083,2700274.76465567
379243,2487655.25562762
379458,1477721.57645098
379459,2863209.26966217
379532,846532.666088381
379684,3682309.15674364
379686,2845787.89582691
379968,3535461.27993083
380247,2715186.01880806
380248,2460031.74556181
380253,2632744.71776207
380374,1942161.92104133
381182,7776096.04980613
381330,2624869.0978766
381341,901949.899460197
381433,2857064.69409078
381736,6539864.97424398
381927,16133090.1632596
381929,4066382.20084076
382764,2728246.60889796
383168,2800989.05405488
383335,2628492.59730474
383470,3800296.07314089
383548,4852600.38382514
383591,4601011.53823715
383764,4949707.54803674
383767,4815641.31318354
384052,5701185.06888049
384340,1717872.05354847
384356,3772165.86128651
384357,3693538.1769151
384359,4193732.31408601
384395,6447503.58564323
384742,2172911.15678356
385066,8828756.56354949
385273,10891439.9317185
385637,4638869.26634409
385639,4651041.26617441
385913,9683535.57922442
386636,6196923.99258429
387079,3933181.94306168
387207,972878.856674452
387211,3510850.07889541
387214,5898973.78943278
387682,5768119.49562695
387907,3526962.51240369
388200,4863587.05248891
388660,1494183.62035008
388700,4740296.76046129
388981,865564.747674385
388982,739773.84911141
389478,1370465.54337261
389481,1674346.68257823
389482,1636963.98744525
390072,5305599.51653473
390542,3324159.02401045
390551,1610677.32976154
390554,1922043.18603454
390559,1867636.06243304
390836,1688790.37437334
390927,1569201.49878246
391204,3189108.81770141
391205,3051000.41610621
391269,7470310.72605316
391279,9857411.04176135
391359,5442213.25635431
391481,4079066.17282658
392137,1809386.42652539
392571,4784114.23345315
392587,8458063.24933995
393102,4541754.32502146
393193,4437689.56756238
393336,2953425.04668045
393341,2382186.45513002
393467,5552081.23760482
393942,4636743.53263717
394050,6698071.16370072
394151,7128861.05798854
394359,2323404.58202269
394486,5771458.2466013
394587,1432723.08046643
395526,8222473.15106168
395695,3159973.36259518
395986,3099564.99935417
395987,2667980.15949649
396148,4610242.87833259
396479,4614600.57987591
396487,4062297.6723078
396648,3204446.53523818
396649,3244996.86173756
396758,9589808.27797569
397113,7152160.94957263
397792,6509986.35518864
398280,3928097.31521775
398314,4544473.99577085
398624,4678707.27309393
399753,6021715.95077823
399756,6021715.95077823
399854,5457314.38406325
400163,10099292.7535799
400326,2995723.90526671
400347,2264943.3510629
401168,7937395.2918013
401246,1722947.48454968
401400,3281688.3147703
401745,9445042.08824249
401813,6637036.62449357
402289,2577942.52255506
403603,5192856.18721457
403812,5593592.3234727
404027,6259099.88958266
404064,4130423.79403563
404324,5235308.49805017
404676,4145566.61297848
404744,3634814.80751611
405520,4602868.30636584
405575,10787585.0560275
405872,1538489.61541251
407049,5655754.47197284
407188,7578234.79104919
407205,7064283.72193413
407206,9153807.56044373
407230,3003971.77126472
407260,1151727.60750218
408353,4599328.43308359
408616,4401394.72598116
408657,3695201.54829633
409240,2034156.43877671
409689,4512661.99237805
410599,2584067.80700198
411622,2638194.08427397
411838,3759806.63015981
441216,11381752.0314409
441747,5428241.95800924
441930,10750747.7134479
442487,5850274.73723043
442832,3129964.30944658
443782,10350133.3608092
444185,5082158.25956938
445849,10249299.7524912
445926,15840973.7359749
445998,9362419.74160479
446899,7292961.29450305
447817,4365908.31418584
447915,14036252.1871677
447939,10937734.6766114
448078,11953093.0708527
448093,20582445.3738463
448419,11599228.8232229
448422,11559218.5086308
450171,5648115.48253815
453480,6711170.74640496
453652,4054953.82540806
455020,5258808.56493463
455756,13617433.0593219
455839,9959877.59484841
456128,12705779.5606154
456319,3710510.14281722
458507,1877449.16725626
458608,3352499.42009327
459070,8335349.92561517
459413,5338289.56599647
459839,5735525.12827168
460066,6298574.81554056
460095,2152662.91241461
460184,8266666.44132094
460287,19093774.5449611
460907,2245434.79927333
461624,9252177.24052921
461654,5065531.33703268
462350,6308505.0575018
463313,5187793.89340653
463474,8726007.48190368
463476,7267883.14496743
464109,6027312.05006088
465551,4635287.78549118
465699,4022403.65950721
465722,3661334.69625102
465755,4551283.93745656
465801,10371840.0466133
466052,7627025.23541825
466117,3463971.65562467
466336,4703049.55647128
466732,4613580.99689612
466840,4111910.52684826
466845,6315709.75759882
466978,4150260.95517937
467065,2998461.40870133
467108,4982972.71040704
467179,3948539.10172485
467353,4107429.74421791
467426,3352197.30032111
467543,8325553.89553987
467697,2898590.5408703
467735,9725936.5274625
468132,4603305.224794
468193,3667539.35849894
468255,4614654.14125995
468343,4128858.13103466
468557,5748025.22722613
468747,4420957.03745108
468760,9300053.02308802
468832,5418604.14951801
468837,1547037.84012774
468848,3996832.1708896
468901,4173121.75777247
469060,2578131.22292399
469142,2552166.88449443
469149,10399681.3849481
469151,8459516.22119887
469507,6546870.79237203
469621,3723927.44184858
469724,3277154.06272079
469738,7549873.92135193
469748,6639718.33532406
469826,4991924.41661612
469867,5851745.28094263
469926,2429392.03458287
469928,2515099.43181192
469956,4211497.43684595
470095,3302161.79248417
470160,4831498.62639566
470161,5266241.96670166
470169,3599376.17882775
470247,2927754.67776614
470291,4105541.35055756
470367,5453593.92646458
470515,10098724.8750397
470662,2504174.43274649
470713,3381973.64516814
470721,4763657.67525271
470746,5675389.6618858
471073,4044578.93896421
471074,5237753.7314689
471219,1443921.12906424
471347,1584706.46276632
471432,7077732.37549386
471462,7015454.55600856
471580,1952914.23345655
471590,2131353.68593917
471597,2812538.89017894
471876,10816564.2166665
471924,4964666.98272679
471981,6388675.38795252
471982,5123277.14047701
472035,1986670.03729165
472090,1923260.77005083
472207,1319137.32301682
472319,4826521.64273214
472331,3638393.87325005
472387,5105816.35676626
472534,1234499.20630127
472535,4748255.42978032
472537,4253127.39976412
472543,7551760.59072546
472745,4706009.09206765
472824,3965793.37063433
472840,4001384.02180545
472968,3298996.03303178
473066,3303533.75494489
473412,11053859.3853246
473501,6043879.64938582
473509,4723262.67409606
473578,5849940.85587367
473625,3247699.17648946
473631,3066343.07028645
473851,5200230.99016401
474023,4485210.45752021
474126,3468251.39279183
476690,4935956.77882532
486393,7047341.39829579
487150,3491986.89651318
487270,5004256.82014267
489891,7443810.79639531
489893,8725982.10771372
490851,8177979.22121156
491323,1387545.77893397
491326,1988535.92876071
491516,4173639.62109353
491519,4084807.86306424
491550,8660318.19311593
491701,13779880.099592
492624,6417081.04998364
493393,4706163.90809425
493396,4956547.22568154
493401,6395568.44354957
496090,14698389.7648498
496282,12065890.0813566
499211,12873651.0370798
499869,11151723.5829095
500950,7801201.58573428
501117,5270096.46651415
501118,4880585.34911931
501219,2805146.72071083
501261,4271021.14744587
501481,6387164.07497051
501755,10320669.0874743
501764,17166451.2732459
501848,8978724.81677385
502256,2908113.13491029
502404,4990898.71071751
502477,2876137.3797728
502911,3958560.81638325
503019,4950931.17346139
503021,4026452.60038874
503454,4867760.51373472
503693,8815748.75253907
503737,7731527.81194724
503884,6719145.15224315
503885,4284304.80837533
503896,3429903.91108158
504045,5484347.28739739
504104,4822681.66740134
505268,2975354.90189234
505328,5357236.77279209
505329,5745267.14858714
505330,4707343.65373221
505522,4203599.92016599
505531,3402159.7076789
506104,3815368.92891263
506105,4480116.71667069
506174,7946806.58709687
506329,3779847.31780008
506333,5313471.07864129
506334,5186015.01996646
507585,1860030.18599303
507668,7570087.10233753
507673,7805822.94192586
507697,6362479.43207275
507701,6027945.78687589
507776,10343157.5123065
507787,3384939.9310829
508012,4433504.37627868
508141,7694346.87160739
508153,7863731.13182849
508157,8660698.70161871
508355,7478525.67781668
508418,4845971.69628529
508497,9642926.18175453
508801,4026886.11865599
509014,1876447.69141474
509204,4923402.61705982
509361,7731980.83855488
510303,2662611.30261364
510422,2904220.30150561
510483,1765816.59097977
510928,4077413.92433389
511073,5473568.94651111
511074,5759264.6226696
511469,8235069.6708995
511831,3070814.91921398
511842,2978320.50297223
511930,11219646.4540274
512162,8547340.11656628
514361,3362399.97196764
514409,3412145.61789483
514676,8189526.9790406
515396,15992482.4018486
516252,7468146.10849316
516261,6359006.42291812
516455,7240919.59266415
516458,5969981.89927556
516578,3404306.51822799
516616,4715248.80325224
516617,5285674.42117123
516645,2775306.79367954
516748,987199.70154713
517118,7161742.26645634
517252,6765220.81500985
517440,3530115.76726064
517513,3514016.86131627
517772,6847278.63930524
517983,2568484.20769114
518135,3327212.20374461
518190,4542360.36691165
518389,3193236.2123209
518516,8967821.15521841
518517,9395069.94338872
518547,5370782.10804561
518876,4685111.1836194
520036,4646346.18230666
521377,3221847.77286049
521706,10743220.5293944
521817,1.42121259302495e-08
522235,7088872.66617122
522236,7080840.91994393
522310,5586166.76023365
522626,6053919.71308203
522688,5189813.61917762
522777,8769857.08042804
523003,3962998.81319868
523626,5902904.3767547
523634,5167106.80267109
523913,3878307.53540219
524682,5580511.2221145
524701,6014548.5507087
524718,4648199.80649427
524719,4116708.18825653
524739,3509034.07924264
524753,4790764.57161914
524754,4503434.84240163
524776,3535244.16580049
524779,3378812.66942235
524813,8899601.83982042
524876,4198341.55297614
526253,2621368.96959753
526277,3188419.45677531
526281,2707833.33128572
526302,4654794.01966129
526357,2586124.88544757
526381,7966234.8981791
526396,14629768.8588658
526402,6571073.75567625
526479,4642945.25577697
526480,4562486.9183837
526481,5352393.70875829
526537,5813479.23674848
526605,5703354.64345489
526609,6007117.17054235
526612,5363812.71013694
526628,3507781.09622492
527081,4925308.84908542
527090,4594491.15114191
527741,1593293.50711925
527759,8864700.13010251
527863,5954983.73535358
528100,9346015.24059958
528533,6678483.10225183
528536,6710112.18726327
528700,9518070.9784098
529080,8257033.7004196
529372,16321257.9414548
529400,7973383.06457605
529469,4421212.23522561
529471,4270604.50559163
529524,3710571.95810451
541460,7985625.1511266
541793,7929072.80927025
541802,7722320.83099452
541827,5256609.06484334
541832,9218909.76974139
541837,10573305.593594
541842,8756153.91977614
541884,2131870.68357173
541887,6083303.73707256
542968,4530589.14981544
543196,4429124.76093688
543576,6704556.22196788
543577,5942354.83688115
543777,10063368.1521058
543973,3965612.86141448
544379,5488837.01884904
544892,2747288.87600622
544906,2752415.82766715
544921,2109738.72497361
545075,11453802.7815816
545266,6785236.87006603
545803,6305858.10781559
546274,3211615.10972309
546330,2927982.20415614
546352,1959654.63162838
546490,1867997.17948388
546491,1772649.24991214
546568,3491125.67373387
546969,2686412.93796792
547310,1857396.93849583
547318,1225548.11329202
547399,4564283.99951951
547415,1621040.0199557
547428,2028259.24547431
547479,5247489.4061552
547551,4058250.86533984
547555,4636493.86063387
547934,3076627.67208628
547943,2988336.52683321
548303,9371109.0697051
548404,1213186.44267774
548420,3121086.71914502
548855,2269455.10177963
548857,2246977.33503021
548927,807.940138544281
549075,12251323.9654152
549757,5596245.5511068
549760,6607641.84258158
551022,4497568.30713036
559627,6360549.05488361
560656,6584740.80759523
578207,7144170.03319665
579661,3732419.64600376
582119,8640943.95310559
602373,6680192.62960349
602375,7715340.02806546
602558,1028571.94882317
602576,1229798.14578899
603003,6977179.88438697
609972,17058912.7847756
609993,3853695.25267922
610441,5601401.31861617
610443,5342103.40821575
610445,4468549.23349268
610956,8790135.52610493
617580,5527164.83838299
618256,7319613.32774814
625881,5794182.77223622
626077,7113300.98403236
626309,12932324.7312021
626818,3925047.39884812
626988,2811962.67072581
627071,5944991.18507186
627771,5891125.86596502
627772,10068790.7704867
627841,3540840.41926977
627844,3274978.20784751
628562,1485436.73180316
629152,4284127.73846087
630817,2493719.48219571
630818,2752652.32287764
631250,8539792.45933883
631451,8116686.73424201
631476,3146320.54718011
632238,5351439.73791582
632453,2316635.32563141
632497,5517176.00301203
632498,5184794.03129381
632528,3353889.67596404
632532,5361021.03507805
632536,7139713.73732167
632879,4020910.8533381
633395,7178512.12192613
633488,2799418.45104366
633513,9971683.44361882
634115,2351383.6076471
634125,2925088.13726899
634879,2426417.37521257
635142,4109812.17191514
635338,8767109.50289382
636927,2714738.14646299
636987,9942078.10792944
637601,4157865.74943106
638040,5837138.86517172
638070,496029.593653672
638332,11340802.5881874
638354,8385336.41770182
638605,1862717.39493917
639235,6198790.36214195
639328,5308682.57311364
639340,5394388.51494007
639603,7185197.69169452
639604,5887938.45937277
639731,12194862.6724416
640325,3536940.39405069
640837,2707666.58729315
640882,4258561.53907319
641232,6061109.4378505
641306,3645909.65631655
641339,4560662.47829807
641481,4116468.26628488
641714,4953758.83931892
641774,2130881.88767367
642178,1828956.52774483
642179,1998240.22177119
642328,5062604.14997318
642356,4073652.33567111
642406,5489779.71942372
642677,9472401.74975098
643249,0.0044099245038185
643990,6.93700290722459e-11
645688,7724665.04596583
645709,6109469.59929573
645879,7039011.17285913
645945,6876725.8060953
645968,3544208.93100126
646220,6282608.40060118
646747,2495430.07765553
646755,2320182.25407499
646814,4766561.28702299
647169,14619203.5129538
647212,4640198.190861
647213,4630231.69088519
647214,6867788.88636575
647935,5364016.51384798
648214,2507142.23912859
648320,12792658.5052018
648626,6452746.04022643
648981,14723668.0527764
650014,2682906.55996704
650052,3706705.18619121
650075,2737140.87234538
650141,4746133.16579912
650556,7113254.50575683
650586,4252353.04615493
650630,4309440.04754221
650741,5535771.42940596
651379,3786223.84556957
653633,5939649.24127255
653634,6257036.74284535
654750,2278700.84408854
654763,5866478.62141928
656174,4719964.74594054
656320,3907474.53801281
656406,4163637.97457604
656861,4192013.12804318
657146,8201133.38461062
657535,6424115.36614594
657536,6697304.97457304
657539,6296335.13669749
657906,7182878.64446436
657907,7330779.28820126
658633,2342888.43432004
659303,3126564.03666184
659362,2639680.54661592
659739,3137439.95445435
660381,4470687.35095404
660591,10576112.7859095
660597,7055846.98741954
662027,5467442.27710151
662578,12997694.4905623
663610,4663461.25553887
664854,5596459.85574319
664859,5954889.17091384
665025,3483572.56904363
665586,4069558.86038838
666010,3627285.59640998
666061,3755268.85255217
666181,2993229.56937923
666188,3967556.15943231
666740,5393624.31612857
667197,4625586.61002063
667198,4466209.08646977
667627,2938912.61478378
672133,5213892.05280725
673582,14634423.9223888
673632,5946620.33002357
675359,1619.18186196589
675367,933622.926652474
675375,1647.75617579623
675942,2675242.42646202
675951,3263123.1810466
677448,7485052.94775931
677471,7765624.02255082
677499,5498780.16513172
677500,6553402.31438397
678210,4899867.12302334
678347,5508401.56177582
678560,8042422.46878241
678717,4811548.39691811
679554,1935726.76302343
680031,6681767.93116842
680032,5435869.03325215
680418,1927905.30199606
680651,5942909.42536563
680653,7167570.32306351
680719,2561693.38901525
680720,2417546.01801969
680871,10561294.339753
680900,6704182.62238577
680903,7114020.28419124
680906,6901078.1564423
681046,4851081.52233295
681053,1280891.6402867
681295,1160425.34366637
681398,4072609.74476387
683737,4076198.70049151
683902,4732776.40256081
684627,15787794.6397483
684632,19893506.1591041
684845,1696699.60294712
685259,8128044.33382292
685762,1957611.29110985
686438,2580841.19697453
687230,10395851.2274509
687354,3155733.03980837
687363,3066577.55053338
687368,3297461.40129004
687525,2672523.7144138
687723,3228904.18196473
687751,9622396.73652312
687979,5234961.08592854
687980,5266341.537919
688021,4234016.36659222
688023,4518151.29310622
688085,2714038.31479935
688103,2068463.29306807
688236,3433061.32915559
688237,3473540.28563121
688529,9210060.72281268
688531,10664091.3400331
688682,3357346.04918878
688933,2603973.89297208
689508,3638339.82953455
690287,3887262.8055764
691271,2203533.28743939
691272,2688411.15605685
691283,3766610.1736247
691287,3911604.03259134
691347,10363450.6349465
691526,14470235.1392875
691808,4358360.38715841
691810,3416416.36627623
691811,2371216.01341888
691931,10918206.2276573
692049,15190957.6760793
692294,4725032.87033563
692670,5038148.1159349
692683,12056981.2495496
692721,10099711.3052598
692752,8079881.49501033
692825,14621283.4608104
693007,7656959.88136817
693784,7247917.66554138
696552,7940518.15791382
696553,7797997.68113842
698453,7196340.08719192
698733,6238414.85459936
701645,10034235.1488384
705523,3.19128805723254e-12
712699,1978174.50119411
721351,4554269.9897292
721354,4923287.1363337
723644,13992140.3759172
727423,9328068.17207759
733047,6854393.45796569
733048,6974830.27195918
733450,21611305.9395603
735520,159.930773097358
735521,159.579746323647
10004105182,5177746.59559291
10005440498,9445398.290415
20016347529,3841648.85626733
20913541158,4788268.13096369
20913541161,9267828.47681219
20913541168,6726509.83309275
20913661686,10048346.1420708
20913754773,7813209.2499442
20913754840,6798182.61809243
20913754896,4585706.28944925
20913786353,547410.633807874
20913917920,4391951.68014696
20913953783,14774463.7739942
20913971331,9728385.72223924
20914123396,3877093.64373544
31019670986,2832755.91121622
31024317366,3476700.48742977
31030339813,14774463.7739942
31042711391,13984474.7093578
31043494984,3074459.01830609
31046677859,6978045.63282462
31050586388,1539873.35412399
31050902577,6049332.70741535
31052000395,4476574.30124593
31053451393,970608.1563955
31053642959,12900765.1010109
31053893839,3349082.52461052
31055585331,6103161.90995947
31056696358,3261755.15161308
31056698533,5925472.54473636
31056972242,2112280.07335693
31057294308,280531.633468449
31059812387,1957159.7697838
31062443635,2555987.94151615
31062465960,3359330.58891453
31062689478,3889769.64445186
E00056278,3550449.90918217
E00056268,3349968.82845188
E00056644,4713471.66804181
E00056636,4757388.23228294
E00056637,4933125.872747
E00056607,4909784.35042975
E00175523,2992129.62336245
E00175520,1235561.35189236
E00055916,6607882.4482218
E00055910,6724822.62983815
